Gene,Half-Life,R Squared Fit Decay,Log2 Fold Change Rnase III KO,Log2 Fold Change Novobiocin (10Âµg/ml),Transcription rate (RNA copy number/min)
MPN001,"-20,66","0,645","-1,404","1,079",-6.765040055694206
MPN002,"-15,297","0,799","-1,176","2,34",-2.8011448145250135
MPN003,"-145,493","0,046","-0,235","1,825",-49.31222667776476
MPN004,"-40,977","0,395","0,086","2,283",-10.855799036712918
MPN005,"-28,398","0,684","0,12","2,03",-7.281701992783447
MPN006,"-34,656","0,646","-0,052","1,98",-6.739213761434928
MPN007,"-24,211","0,738","-0,161","2,624",-4.339355547689539
MPN008,"-15,293","0,838","0,235","3,488",-0.7997595530289567
MPN009,"-15,873","0,87","0,549","4,014",-0.5575510283487005
MPN010,"30,517","0,107","-0,343","-1,723",3.55297009762811
ncMPN002,"38,745","0,073","1,632","-1,043",1.1864674916832447
MPN013,"8,594","0,843","0,465","-2,647",0.8562476711143266
ncMPN005,"8,33","0,656","-0,196","-3,008",0.25255909724562836
MPN014,"6,59","0,585","0,406","-1,808",0.06406241111069635
MPN018,"5,512","0,952","-0,886","-3,147",0.6024115548246
MPN019,"5,926","0,957","-1,012","-3,213",0.6590586156297248
MPN020,"6,594","0,972","-0,238","-2,933",1.3305467195853375
MPN021,"8,721","0,973","0,128","-3,305",2.441974748500473
MPN022,"9,567","0,964","0,392","-2,758",2.1883417112323964
MPN023,"12,564","0,864","0,556","-1,731",1.1341562723303622
MPN024,"7,113","0,925","-1,147","-2,272",7.210604782047863
MPN025,"7,31","0,968","-0,892","-2,236",4.270925250852962
MPN026,"8,267","0,957","-0,353","-0,925",1.1133914192079977
MPN028,"11,839","0,913","-0,245","-1,857",1.595106179079833
MPN029,"10,12","0,862","-0,762","-1,723",2.734821905148413
MPN030,"10,322","0,925","-0,703","-1,348",1.7924688997147753
MPN031,"10,38","0,906","-0,318","-0,879",0.8138923458513685
MPN035,"7,982","0,857","0,448","-1,004",0.2506011531304785
MPN036,"7,588","0,934","-0,734","-0,544",5.261851222551392
MPN037,"10,303","0,878","-0,461","1,112",0.11229019680591472
MPN039,"7,429","0,825","-0,022","-1,599",0.8352672804981824
MPN041,"11,841","0,733","-0,144","1,712",0.2276592618911019
MPN042,"16,007","0,734","0,026","-0,816",0.12138819257872444
MPN043,"12,067","0,902","-1,122","-0,965",1.6777306414051079
MPN045,"10,946","0,854","-0,061","-2,155",1.131588265686182
MPN046,"9,222","0,889","-0,075","-1,182",0.6781817390110985
MPN047,"8,712","0,89","0,184","-0,743",0.4953561051205413
ncMPN006,"7,279","0,949","-0,601","-1,451",0.22979295853849757
MPN048,"8,071","0,95","0,05","-0,915",0.13163564331891325
MPN049,"8,737","0,889","0,895","-1,071",0.11607137122092329
ncMPN007,"6,185","0,949","-0,561","-2,196",0.22584543059810303
MPN052,"6,5","0,866","-0,69","-3,136",1.8040179119417359
MPN053,"7,93","0,916","-1,06","-2,245",7.2767531466371675
ncMPN399,"6,695","0,828","-0,033","-3,328",0.5809523918747374
MPN054,"26,586","0,206","1,171","-2,813",0.18709915057308524
ncMPN400,"44,018","0,045","1,752",-inf,0.272342686619731
MPN055,"8,323","0,98","-1,652","-1,363",0.9622926888623524
MPN056,"10,609","0,968","-1,763","-0,273",0.764301331499057
MPN057,"12,414","0,967","-1,742","0,003",0.8758029335427941
MPN058,"14,442","0,891","-1,703","0,517",0.6350489319574678
MPN059,"9,181","0,969","-0,144","-0,404",1.0099688512316305
MPN060,"8,412","0,907","-0,275","-1,419",0.7438994569504073
MPN062,"7,649","0,844","0,57","-2,55",2.405507926815481
MPN063,"7,306","0,88","0,546","-2,911",2.9262483608484304
MPN064,"8,455","0,872","0,368","-2,881",3.0911541687844437
MPN065,"7,587","0,944","0,655","-2,285",3.6717824294824277
MPN066,"8,9","0,946","0,79","-1,929",1.8616490292535715
ncMPN010,"8,845","0,907","0,224","-0,844",1.264150703292308
MPN075,"14,938","0,852","0,44","-0,24",0.6289965484678686
ncMPN011,"15,943","0,842","0,277","-0,022",0.701731701552851
ncMPN012,"15,965","0,807","1,036","-0,508",0.17775715652953167
ncMPN429,"49,353","0,077","0,559","-0,829",
MPN078,"13,918","0,844","-0,456","-0,371",0.6634113660930535
MPN079,"13,671","0,853","-1,018","-0,144",0.48683957422358315
ncMPN013,"17,45","0,964","-0,098","-0,163",4.135463161514431
MPN080,"-134,294","0,154","-0,444","2,857",-3.2251959608840526
ncMPN014,"47,845","0,267","-0,19","0,895",4.205299011536276
MPN081,"-65,838","0,38","-0,537","3,325",-1.7261468324546345
MPN082,"15,107","0,954","-0,783","-0,562",3.789853953016347
MPN083,"26,797","0,873","-0,893","-0,015",11.654917028296659
MPN084,"18,706","0,98","0,118","-0,428",5.062384144685507
MPN085,"12,982","0,891","0,923","-1,553",0.3714970789973448
ncMPN416,"10,727","0,916","0,984","-2,006",5.589000823443001
MPN086,"7,627","0,418","2,422","-1,637",0.04719156802000103
MPN087,"-297,141","0,004","4,243","0,272",-1.8384333946511753
MPN088,"-495,805","0,001","3,02","0,625",-11.556549861786069
MPN089,"7,828","0,952","0,699","-0,462",0.15338868697127492
MPN090,"6,104","0,961","0,053","-2,345",0.5705195944653472
MPN091,"7,449","0,954","0,037","-1,467",0.053749499430969495
MPN092,"9,282","0,814","1,255","-0,399",0.09450976916445608
MPN093,"12,478","0,746","2,134","-0,327",0.08100735093361128
MPN094,"9,13","0,93","0,757","-2,011",0.14112598911804394
Mpnr01,"1623,751","0,36","-1,706","-0,028",669064.134282783
Mpnr02,"-1179,785","0,436","-1,708","0,037",-440482.3810091122
Mpnr03,"128,233","0,138","-1,439","-0,609",1238.7118039440443
MPN095,"5,955","0,934","-0,645","-3,944",0.622908520772058
MPN096,"6,355","0,87","-0,701","-3,444",0.5349586827243086
MPN097,"6,495","0,901","-1,096","-1,487",0.5280128292578723
MPN098,"10,345","0,841","-0,167","-0,717",0.1423876722953778
MPN099,"12,988","0,847","1,042","-2,141",0.0840760724515197
MPN100,"14,19","0,45","0,575","-2,994",0.10250878520166422
MPN101,"9,972","0,868","0,722","-3,118",0.06263669129847593
MPN102,"9,478","0,806","1,667","-3,647",0.0586438234040845
MPN104,"5,395","0,896","0,697","-2,829",1.5327543630351586
MPN105,"8,438","0,761","-0,771","-1,527",1.2045534185811668
MPN106,"9,495","0,784","-1,325","-0,781",0.9353558484556102
MPN107,"11,471","0,893","-0,857","-1,238",0.5263815918212089
MPN108,"11,206","0,933","-0,607","-1,717",0.2721464701960565
MPN109,"10,353","0,841","-0,12","-1,509",0.5906631809354002
MPN110,"13,057","0,916","0,16","-0,973",0.20767453166667812
MPN111,"17,837","0,755","-0,298","-1,503",0.30268192514162995
MPN112,"12,683","0,888","-0,464","-1,432",0.27578581694835774
MPN113,"15,41","0,688","-0,604","-0,082",0.0967133819363748
MPN114,"16,685","0,979","-0,085","-0,113",0.19452471948424999
MPN115,"7,13","0,974","-0,576","-0,55",5.8984600528855164
MPN116,"8,295","0,967","-0,7","0,939",4.786030738382565
MPN117,"9,489","0,961","-0,717","0,794",4.337801184724596
MPN119,"12,666","0,966","-0,665","0,155",2.299340844021312
MPN120,"12,357","0,962","-0,277","-0,43",2.9061786564124015
MPN121,"11,208","0,962","-0,072","-0,959",1.914192242730374
MPN122,"13,551","0,925","0,114","0,237",1.7232969718364088
MPN123,"23,437","0,705","-0,178","1,232",2.056950077523775
MPN125,"27,545","0,28","0,516","-0,004",1.1726250359207175
MPN126,"8,714","0,918","0,31","-1,582",1.4740052547790665
MPN127,"11,847","0,904","1,929","-1,407",0.8566533881985849
MPN128,"10,521","0,899","-0,022","-0,286",0.06509654734129068
ncMPN019,"8,056","0,972","-0,176","-1,387",1.5433073996800444
MPN129,"11,235","0,95","-0,08","-1,365",1.044234241993636
MPN130,"12,751","0,741","1,009","-1,849",0.12964805905850613
MPN131,"9,217","0,803","0,057","-2,714",0.05702813862234485
MPN132,"10,492","0,745","0,125","-1,69",0.06491741178580518
ncMPN021,"6,378","0,972","-0,832","-1,057",2.6535950677755364
MPN133,"8,048","0,952","-0,595","-0,977",1.2210556740653076
MPN134,"9,54","0,957","-1,134","0,038",1.2377196454852089
MPN135,"8,635","0,958","-0,561","-0,235",1.3141065172390325
MPN136,"9,096","0,916","-0,261","-0,547",1.0516989100900491
MPN140,"10,648","0,965","-1,147","0,178",2.0673746083865616
MPN141,"11,485","0,89","0,544","-0,357",0.8551034989419569
MPN142,"14,753","0,792","0,972","0,32",1.3395368978847986
MPN143,"333,332","0,003","1,293","3,181",12.68077186449514
MPN144,"25,649","0,649","1,205","2,635",0.1782745325641221
MPN145,"56,233","0,07","0,519","-0,151",2.9340645416194433
MPN146,"6,783","0,928","-0,958","-1,941",4.025359570120566
MPN147,"8,685","0,883","0,032","0,756",0.573908776119169
MPN148,"8,752","0,943","-0,639","-1,224",3.599451808472863
MPN149,"76,221","0,113","1,161","1,698",0.6733581565045618
MPN150,"164,7","0,104","2,148","0,612",1.3738230272603726
MPN151,"13,032","0,416","0,044","-2,033",0.4827831523222946
MPN152,"8,509","0,733","-1,252","-1,693",0.31830901818578067
MPN153,"8,094","0,931","-1,2","-1,732",1.120224283396984
MPN154,"8,547","0,96","-1,743","-0,359",1.2363508014367195
MPN155a,"9,199","0,956","-1,305","-0,133",2.069251806929394
MPN155,"10,568","0,952","-0,742","-0,545",1.7712014085499241
MPN156,"12,595","0,88","-1,336","-0,249",2.522988653468907
MPN157,"11,689","0,919","-1,258","-0,666",3.4997432170271052
MPN158,"15,023","0,913","-0,498","-0,324",1.4094439703527264
MPN159,"13,696","0,985","0,209","-1,154",1.4776686867884885
MPN160,"13,347","0,936","0,35","-0,325",1.2424887949665848
MPN161,"13,389","0,937","-0,796","-0,597",1.939370629455344
MPN162,"13,244","0,963","-0,947","1,588",3.3370144917604385
MPN163,"11,83","0,972","-0,25","-0,968",1.2411093547746963
MPN164,"7,011","0,989","-1,547","-0,241",2.5365828914615225
MPN165,"8,363","0,979","-1,842","0,145",2.576250644212852
MPN166,"9,261","0,958","-1,786","0,762",2.225593489400802
MPN167,"10,872","0,928","-2,03","1,203",2.441411692701132
MPN168,"10,661","0,915","-1,873","1,183",3.0120836228841865
MPN169,"10,481","0,902","-2,047","1,158",3.497382289623527
MPN170,"11,195","0,886","-2,106","1,346",3.8044417876445684
MPN171,"12,402","0,854","-1,715","1,595",4.138380828645213
MPN172,"11,795","0,822","-1,66","1,155",3.697328738092515
MPN173,"12,768","0,786","-1,753","1,329",4.880863912384001
MPN174,"13,499","0,756","-1,667","1,231",4.7108426645568136
MPN175,"13,796","0,746","-1,426","1,057",4.682999478336177
MPN176,"15,028","0,69","-1,48","1,595",5.757928421822046
MPN177,"16,7","0,608","-1,213","1,138",3.1820909461756326
MPN178,"15,765","0,653","-1,123","1,104",5.778107834296332
MPN179,"15,012","0,613","-0,952","0,575",4.699099457224606
MPN180,"16,317","0,572","-0,793","0,788",5.316601734039511
MPN181,"18,211","0,534","-0,673","0,669",5.067130960107583
MPN182,"16,913","0,583","-0,697","0,687",5.083628716867414
MPN183,"18,142","0,572","-0,709","0,482",5.9679031111587895
MPN184,"20,526","0,587","-0,045","0,685",3.0344345658267216
MPN185,"16,102","0,715","-0,061","0,951",2.174621218951964
MPN186,"8,223","0,995","-0,476","-0,345",4.341747750319445
MPN187,"11,142","0,934","-0,168","0,517",2.699449067304501
MPN188,"10,099","0,978","-0,001","-0,327",5.568200832937331
MPN189,"11,23","0,94","-0,007","0,274",4.975087701499795
MPN190,"10,723","0,938","-0,399","0,124",3.467819638316909
MPN191,"11,313","0,906","-0,897","0,485",5.117458459247478
MPN192,"13,779","0,859","-0,88","0,73",4.353483562673544
MPN193,"17,142","0,839","-0,651","0,749",3.7176129543272296
MPN194,"18,9","0,93","-0,45","0,154",3.3448663649933885
MPN195,"13,336","0,967","-0,335","-0,096",2.223364867401007
MPN196,"12,411","0,976","-0,503","-0,665",1.156403198051013
ncMPN420,"9,382","0,857","-0,583","-2,29",1.5828902955110662
MPN197,"10,916","0,979","-1,053","-0,454",1.2906167322901874
MPN198,"13,392","0,941","-0,169","-0,726",0.9444306913961282
ncMPN024,"13,373","0,924","0,198","-1,368",1.2511584074908506
MPN199,"8,898","0,785","0,106","-2,159",0.5282700486544856
ncMPN026,"10,099","0,657","-0,087","-2,052",0.8654427874370741
MPN200a,"11,572","0,711","0,4","-1,149",0.26363025703477666
MPN200,"6,31","0,857","-1,312","-2,596",0.6350836830399138
MPN201,"6,815","0,961","-0,837","-1,107",0.05219459791284898
MPN202,"13,314","0,861","0,837","1,183",0.09215586224253333
MPN203,"14,32","0,893","0,955","1,759",0.08859586818126079
MPN204,"11,257","0,877","0,915","-0,961",0.06964528377511758
ncMPN408,"9,799","0,897","0,627","-0,949",0.06062520427346232
MPN205,"12,361","0,922","0,405","-1,794",0.07648113405407657
MPN207a,"5,186","0,978","-0,66","-1,367",4.003422530169402
MPN207,"7,436","0,973","-0,495","-0,159",2.4852517026907948
ncMPN027,"19,044","0,758","0,037","-1,196",82.17009633520378
MPN208,"6,907","0,99","-0,511","-1,139",3.5134634546028933
MPN209,"8,687","0,873","0,316","-0,103",1.0735799637770227
MPN210,"6,908","0,966","-0,044","-0,72",1.2051972741985595
MPN211,"7,424","0,94","-0,173","-0,25",0.6850353479270082
MPN212,"5,887","0,985","-0,151","-1,776",3.0545957445576386
MPN213,"7,778","0,969","-1,98","0,419",2.2065371056635468
ncMPN028,"12,6","0,827","0,282","-0,336",0.2788489621876498
MPN215,"5,82","0,932","-0,714","-2,135",0.7474529991286368
MPN216,"5,514","0,941","-0,889","-1,76",0.7047737088435351
MPN217,"5,581","0,939","-1,055","-1,277",0.750455935368718
MPN218,"6,681","0,921","-1,299","-0,691",0.6842966018189932
MPN218a,"-117,844","0,007","0,454",-inf,-18.496352313200102
MPN219,"6,079","0,973","-0,627","-1,706",3.9298379724965704
MPN220,"6,174","0,988","-0,758","-1,075",2.1551540766401747
MPN221,"7,056","0,981","-0,718","-0,481",1.11619312813475
MPN222,"7,705","0,959","-0,24","-0,883",1.0636213484239057
MPN223,"8,38","0,925","0,04","-0,894",0.623519106213034
MPN224,"6,692","0,987","-0,095","-2,731",1.8321083995668674
ncMPN030,"6,078","0,971","-0,343","-2,441",5.3292070428390765
MPN225,"5,812","0,968","-0,294","-1,988",5.960281906489365
MPN226,"5,982","0,98","-0,236","-1,339",2.2517574271836294
MPN227,"6,007","0,956","-0,465","-1,303",3.1825040773837214
MPN228,"6,971","0,944","-0,868","-0,46",3.291698880332644
MPN229,"7,1","0,938","-1,067","-0,371",2.757783538474591
MPN230,"6,893","0,92","-0,988","-0,103",2.5567426883753277
MPN231,"7,426","0,899","-0,897","-0,523",2.7681441519749534
MPN232,"8,348","0,819","-0,589","-0,279",1.0791208489432262
MPN233,"9,545","0,746","-0,38","0,124",0.6568463790065939
ncMPN031,"8,003","0,965","-0,15","-1,331",1.0296530092540022
MPN234,"7,262","0,964","-0,68","-1,23",0.9257729031858578
MPN235,"7,045","0,967","-0,466","-1,066",0.5566461201463971
MPN236,"5,745","0,937","-0,618","-1,84",0.6467182756627349
MPN237,"5,771","0,954","-0,851","-1,254",0.5368590326544228
MPN238,"5,949","0,92","-0,96","-0,203",0.529779272569342
MPN239,"6,483","0,979","-0,49","-1,055",1.3549744628932174
MPN240,"6,718","0,981","-0,592","-1,183",1.1562481937211462
MPN241,"9,291","0,959","-0,256","-0,942",0.5258642675856758
ncMPN447,"8,297","0,933","-0,3","0,028",
MPN242,"5,069","0,969","0,209","-2,515",1.3240636861474742
MPN243,"5,841","0,964","-0,662","-0,675",2.721285477367489
MPN244,"6,354","0,944","-0,372","0,296",1.3724180855028054
MPN246,"7,108","0,905","-0,085","-1,93",2.196330792003207
MPN247,"7,802","0,932","-0,395","-1,104",1.120067441957411
MPN248,"8,003","0,913","0,02","0,061",0.6807908470243598
MPN249,"9,847","0,822","0,025","0,791",0.3048123606803774
MPN250,"7,476","0,953","-0,478","-1,735",1.541151402413374
MPN251,"7,913","0,908","-0,478","-1,197",1.1998776938354418
MPN252,"6,906","0,967","-0,371","-1,61",1.010238836473383
MPN253,"7,27","0,959","-0,146","-1,816",0.5352527644910926
MPN254,"6,13","0,984","-0,691","-1,812",1.3254179877464902
MPN255,"6,327","0,983","-1,126","-1,947",2.8531887143302685
MPN256,"7,56","0,959","-1,04","-1,289",2.067129123552037
MPN257,"8,941","0,922","-0,932","-0,329",1.095436627796144
MPN258,"6,875","0,993","0,015","-1,133",3.570275321851225
MPN259,"6,261","0,986","-0,259","-0,6",2.300309210726012
MPN260,"6,176","0,982","-0,439","-0,704",2.8601172618520843
MPN261,"7,12","0,967","-1,051","-1,096",2.3613327674583466
MPN262,"8,451","0,852","-0,995","-1,221",1.4902278285624977
MPN263,"6,475","0,99","-1,232","-2,065",2.941175963775591
MPN264,"6,729","0,989","-1,365","-1,54",2.0088688055721744
MPN266,"5,805","0,847","-0,428","-3,295",1.7760584273884388
MPN267,"5,969","0,874","-0,761","-3,199",1.861011064415231
MPN268,"6,714","0,836","-0,719","-2,598",1.4390780950746243
MPN269,"5,968","0,901","-0,196","-2,055",0.6164142894910134
MPN270,"6,014","0,907","0,073","-2,973",0.3330123034850102
MPN271,"5,544","0,909","-1,218","-3,151",0.18371501444232344
ncMPN032,"10,362","0,909","0,123","-2,05",0.16664207636715528
MPN272,"6,012","0,793","-0,725","-2,5",1.2511451417456996
MPN275,"4,415","0,915","-0,528","-2,49",0.7718688595631611
MPN277,"5,875","0,917","-0,375","-1,74",0.5388975224444789
MPN278,"6,476","0,926","0,428","-1,428",0.3503695074544418
MPN279,"6,435","0,922","0,634","-0,97",0.30269577721570257
MPN280,"8,465","0,957","0,273","0,139",2.172313003512634
MPN281,"5,119","0,96","-0,568","-1,28",1.0013032523982195
MPN282,"5,867","0,957","-1,251","-1,113",0.3212285237465274
ncMPN446,"5,623","0,942","-1,111","-1,299",
MPN283,"5,694","0,865","-0,331","-3,09",0.43044937550351603
MPN284,"4,18","0,956","-2,349","-2,079",0.48875105171528904
ncMPN392,"5,702","0,915","-1,395","-2,328",0.050956158470468804
MPN285,"5,401","0,971","-0,691","-1,513",0.18844418693829398
MPN286,"11,748","0,621","1,321","-1,281",0.10134664350547484
MPN287,"11,15","0,75","0,42","-2,81",0.6076828434026266
MPN288,"4,005","0,987","-1,947","-1,307",0.2733430274129339
MPN289,"4,456","0,97","-0,992","-0,786",0.06942886183966931
MPN290,"5,628","0,79","0,129","-1,389",0.04423067638911214
ncMPN034,"6,835","0,95","-0,899","-0,641",0.07217853434161381
MPN294,"5,847","0,97","-0,266","-0,267",2.0000981411697016
MPN295,"6,564","0,941","-0,202","-0,328",3.760082813099824
MPN296,"6,809","0,939","-1,011","0,228",5.119253374818094
MPN297,"7,311","0,913","-0,923","0,042",4.0912556509045785
MPN298,"9,313","0,819","-1,044","0,911",2.8298967142181137
MPN299,"12,77","0,632","-0,826","0,939",2.187301135294282
MPN300,"20,238","0,439","-0,268","1,954",1.486503293542796
MPN301,"16,869","0,577","-0,249","1,415",1.03342237337888
MPN302,"9,076","0,914","-0,402","-0,971",3.194476584254785
MPN303,"9,939","0,935","-0,777","-0,169",3.2584317616985037
MPNt05,"14,729","0,978","-0,98","-0,748",
MPNt06,"8,878","0,953","-1,193","-1,678",
MPNt07,"14,215","0,913","-1,05","-1,785",
MPNt08,"10,989","0,953","-0,937","-1,929",
MPNt09,"17,411","0,96","-0,626","-1,997",
MPNt10,"23,017","0,96","-0,563","-2,057",
MPNt11,"36,77","0,871","-0,502","-1,979",
MPNt12,"13,335","0,919","-0,895","-1,742",
MPN304,"4,925","0,979","-0,989","-1,842",1.5887899129276146
MPN305,"5,77","0,958","-0,838","-1,713",0.9003553150853931
MPN306,"7,276","0,769","-0,062","-0,991",0.2558475304038337
MPN307,"6,218","0,976","-0,216","-1,514",0.7801657569447579
MPN308,"5,615","0,969","-0,254","-1,547",0.9713470499022829
MPN309,"7,289","0,904","-0,891","0,592",2.0459284431701046
MPN310,"10,311","0,78","-0,82","1,235",3.125071990393591
ncMPN409,"11,003","0,849","-0,851","0,855",3.7864371151838387
MPN311,"14,49","0,756","-1,171","1,553",4.242975742646197
MPN312,"14,851","0,824","-1,134","1,57",3.3321165852870083
ncMPN410,"18,24","0,732","-0,873","1,571",0.9331895904510789
MPNt13,"20,484","0,722","-0,539","-0,252",
MPN314,"4,257","0,922","-0,523","-3,244",7.154716418670173
MPN315,"3,999","0,952","-0,948","-2,466",4.077365236664058
MPN316,"4,408","0,959","-1,101","-1,756",3.3067615020394396
MPN317,"4,4","0,934","-0,692","-2,376",3.1427011330064962
MPN318,"5,643","0,932","-0,468","-1,81",0.9565737794981413
MPN319,"6,943","0,978","0,265","-1,094",1.0803144220291563
MPN320,"4,705","0,892","-0,257","-3,29",2.002508128216748
MPN321,"4,557","0,918","-1,021","-2,839",2.7248125691129763
MPN322,"4,395","0,949","-1,393","-2,678",2.9642203932372317
MPN323,"4,545","0,943","-1,554","-2,327",3.8539245255667813
MPN324,"4,933","0,943","-1,325","-2,276",3.2040921381145817
MPN325,"4,796","0,981","-1,242","-2,41",6.791341274949743
MPN326,"4,718","0,977","-1,09","-1,926",3.1419995988013314
MPN327,"4,942","0,967","-0,906","-1,794",2.4322238734907393
MPN328,"5,313","0,945","-0,744","-1,235",2.3170951466994483
MPN329,"6,644","0,871","-0,842","-0,192",1.1884856472909162
MPN330,"8,297","0,801","-0,675","-0,079",0.784266421078274
MPN331,"6,262","0,991","-1,284","-2,124",3.017709941241452
MPN332,"6,178","0,978","-0,93","-3,006",2.648800305646693
MPN333,"8,097","0,958","-0,288","-1,499",0.7099819042513428
MPN334,"9,41","0,882","-0,312","-0,986",0.5558387254297082
MPN335,"10,92","0,968","-0,469","-0,725",0.5461092187134741
ncMPN036,"10,031","0,776","0,679","-1,474",0.9047088353095033
MPN337,"4,873","0,819","-0,313","-4,582",0.4975521965015313
MPN338,"4,58","0,867","-0,969","-3,243",0.3853623033682097
MPN339,"4,317","0,928","-0,751","-3,129",0.25217807574945744
MPN340,"4,399","0,898","-1,015","-3,588",0.15516739745415084
MPN341,"5,427","0,878","-0,854","-3,48",0.14992067716804156
MPN342,"4,054","0,982","-0,236","-4,587",0.9526776675489976
MPN343,"6,445","0,928","0,661","-2,624",0.05914584379157909
MPN344,"5,162","0,861","-0,829","-4,146",1.261383249018592
ncMPN037,"4,226","0,765","-0,011","-4,033",0.15051465234201497
MPN345,"5,213","0,958","0,446","-2,274",0.12103212364991867
MPN346,"4,896","0,726","0,218","-3,907",0.21638116170955568
ncMPN411,"5,44","0,858","0,439","-3,408",0.11239665259394754
MPN347,"7,613","0,861","1,179","-3,345",0.07744122784475913
MPN347a,"4,508","0,729","0,385","-4,937",0.27005200140092495
MPN348,"4,975","0,788","-0,043","-4,144",0.2175920559653406
MPN349,"4,855","0,806","-0,261","-4,086",0.3229252535803698
MPN358,"4,443","0,907","-1,055","-1,459",0.3094435185468767
MPNt15,"-733,675","0,001","-0,543","-1,237",
MPNt16,"30,416","0,457","1,636","-1,943",
MPN359,"4,871","0,919","2,857","-2,318",1.8784148185543066
MPN360,"5,1","0,848","1,553","-2,744",3.6924258029692956
MPN361,"5,212","0,881","2,527","-2,301",1.0392343240710071
MPN362,"5,92","0,899","3,748","-0,234",0.2373818686144791
ncMPN038,"5,857","0,945","3,78","-0,316",0.3205213890610754
MPN363,"5,766","0,982","3,695","-1,2",0.10690235574215831
ncMPN404,"8,1","0,89","4,688","-1,968",0.13949935675386993
ncMPN405,"6,269","0,9","4,686","-1,771",0.17499707326182964
MPN365,"7,049","0,887","1,857","-3,775",0.07762590773131409
MPN366,"9,505","0,93","1,504","-2,781",0.09452450636557277
MPN367,"13,198","0,805","1,538","-2,724",0.08165829282666437
MPN368,"6,489","0,857","3,068","-2,955",0.3068433988631546
MPN370,"10,769","0,949","0,18","-3,368",0.07246180798739785
MPN372,"3,913","0,828","-1,827","-4,757",1.44350387220028
ncMPN041,"8,439","0,51","-1,56","-1,136",0.07057545163820701
MPN377,"4,478","0,879","-0,746","-0,999",3.7187037031873484
MPN378,"5,049","0,963","-0,679","0,196",0.5018416904679467
MPN379,"5,654","0,931","-1,017","0,456",0.8204142042305886
ncMPN042,"5,55","0,961","-0,815","-0,66",1.1711931565397247
MPN380,"6,972","0,95","-0,63","-0,221",0.5814707020349617
MPN381,"5,024","0,987","-1,299","-1,518",0.9631882690575071
MPN382,"6,22","0,988","-1,056","-1,989",1.02992561913521
ncMPN043,"8,966","0,886","0,024","-1,518",0.41953241800877833
ncMPN044,"12,207","0,776","0,647","-0,554",0.7234182548910942
ncMPN046,"8,07","0,413","-0,068","-2,558",0.21428354907824562
ncMPN047,"10,78","0,29","0,824","-2,945",0.08488299953077118
ncMPN430,"4,943","0,949","1,12","-0,519",
ncMPN049,"10,171","0,641","1,93","-0,978",0.09614340924202222
MPN397,"4,892","0,933","-2,244","-3,971",0.2681349875821619
ncMPN050,"5,697","0,821","-0,03","-0,284",0.20911409453319502
ncMPN051,"6,074","0,771","1,012","-0,075",0.11779212172203646
ncMPN052,"10,108","0,641","1,257","-0,665",0.1272213432099573
ncMPN053,"4,479","0,984","0,812","-0,891",1.3738155871558475
MPN402,"6,341","0,956","0,552","0,238",0.6639782701130441
MPN403,"10,654","0,908","-0,102","-0,668",1.0621331127615363
MPN404,"11,33","0,835","0,113","-0,225",0.56759936643432
MPN405,"14,722","0,646","0,148","0,293",0.5487196646736334
MPN406,"7,977","0,935","-1,544","-1,729",3.835505116971366
MPNt23,"69,733","0,087","-1,407","-0,915",
MPN408,"6,373","0,985","-1,307","0,376",0.3016402369115077
MPN409,"13,116","0,682","-0,391","0,43",0.09605563866873622
MPN410,"5,57","0,877","-0,278","-2,926",0.04185133830083201
MPN412,"9,4","0,944","0,331","-3,54",0.06458238015314166
MPN413,"8,675","0,917","0,167","-4,407",0.053670857089216484
MPN414,"11,322","0,94","0,981","-0,887",0.07272246550535373
MPN415,"6,534","0,792","0,459","-1,436",0.09759328048169791
MPN416,"6,463","0,807","0,284","-2,564",0.15907070456233968
MPN417,"6,435","0,838","0,305","-1,512",0.0833302445503023
ncMPN056,"4,364","0,943","-0,39","-3,631",1.0264868982205515
ncMPN057,"5,913","0,859","0,476","-3,059",0.239022707074091
ncMPN058,"9,556","0,906","1,214","-2,096",0.09195000273750732
ncMPN059,"12,57","0,311","1,984","-0,268",0.08589308187431074
ncMPN060,"7,162","0,791","-0,328","-1,916",0.23263990716429633
MPN427,"5,146","0,896","-0,986","-2,897",0.48299983856311496
ncMPN062,"7,79","0,457","0,213","-2,489",0.08133630895860779
ncMPN063,"4,415","0,689","0,362","-3,169",0.18692829544968595
ncMPN065,"7,437","0,87","0,714","-3,453",0.41682450121088227
ncMPN066,"9,266","0,876","0,313","-1,892",0.1651945747426276
MPN441,"27,196","0,087","-0,01","-2,608",0.1682650613498254
ncMPN067,"5,79","0,718","-0,893","-3,148",0.17481426742715192
MPN445,"5,547","0,964","-0,208","-0,23",1.1470645779216961
ncMPN071,"6,935","0,612","0,097","-2,119",0.15745224366445265
ncMPN075,"4,998","0,979","-0,928","-1,584",2.849762181469122
ncMPN076,"16,232","0,484","2,372","-0,172",0.7124624708496311
MPNt24,"18,31","0,88","-1,104","-2,209",
MPNt25,"14,125","0,967","-1,204","-2,009",
ncMPN077,"6,181","0,958","-1,157","-0,998",0.8770838304926127
ncMPN078,"5,748","0,933","-2,604","0,015",0.20055683298295016
MPNt26,"12,321","0,198","3,237","-1,821",
ncMPN080,"5,627","0,969","-1,783","-1,074",0.21295482188917075
ncMPN081,"8,756","0,955","0,68","-1,057",0.1285617096457993
MPN461,"6,214","0,946","-0,455","-2,747",1.011874070037002
MPN462,"11,09","0,897","-0,124","-1,223",0.08791008281591876
MPN463,"10,332","0,865","0,73","-1,207",0.06392199812544201
MPN464,"17,029","0,759","1,97","-1,083",0.10535860313725
MPN464a,"8,315","0,827","0,727","-2,573",0.15003493238854154
MPN468,"9,46","0,897","-0,695","-1,486",0.058527962424086706
ncMPN426,"23,434","0,245","-0,981","-1,913",0.519742159093171
MPNs04,"907,989","0,008","-1,448","-0,067",25247.432258295925
ncMPN087,"4,251","0,98","-0,242","0,319",0.2204789856793799
MPN483,"5,195","0,984","-0,519","-1,045",0.37242487235961474
MPN486,"20,87","0,227","1,567","2,041",0.1291243918917059
MPN487,"6,708","0,951","-1,114","-0,703",0.3104774683488276
MPN488,"6,619","0,944","-0,894","-1,416",0.8187804801105242
ncMPN088,"17,841","0,903","-0,111","-0,565",12.232687296494698
ncMPN089,"9,18","0,917","0,245","0,065",0.6230518152938692
MPN491,"7,063","0,967","-1,207","-1,156",4.58979864171869
ncMPN090,"8,738","0,926","-0,448","-0,557",1.7637167809205598
MPN498,"7,761","0,92","-0,434","-2,857",0.9625284454591374
MPN499,"9,086","0,923","-0,139","-2,956",0.9718709107840743
MPN500,"13,486","0,874","1,352","-1,48",0.09930371055530254
MPN501,"9,67","0,705","1,283","-2,177",0.0710930290496217
MPN502,"10,94","0,943","0,47","-1,23",0.07182705370201538
MPN503,"10,915","0,871","1,117","-1,554",0.07098130831537985
MPN504,"5,271","0,796","-0,618","-3,921",0.665574088955086
MPN506,"4,03","0,896","-1,895","-4,692",0.4767619726368877
MPN507,"4,488","0,972","-1,117","-3,324",0.13664772997869754
ncMPN091,"3,952","0,929","-1,744","-1,953",0.20539663786470894
ncMPN092,"4,693","0,951","-0,152","-3,982",0.34089263074978476
ncMPN093,"19,94","0,574","0,47","-0,668",0.15868709886301507
ncMPN431,"7,44","0,94","-0,141","-2,992",
ncMPN094,"7,211","0,768","-0,844","0,361",0.20159812247960412
MPN521,"9,906","0,957","-2,387","-1,389",0.8343708666499555
MPN522,"14,995","0,843","-2,022","-0,571",0.9887037581653875
MPNt34,"12,454","0,795","-2,297","-1,706",
ncMPN095,"9,047","0,934","-0,325","-0,379",0.12732426993938306
MPN525,"-73,325","0,366","-1,158","1,443",-3.780002320540974
MPN526,"-66,633","0,486","-1,023","1,197",-3.348969779117197
MPNt36,"22,129","0,929","-1,014","-1,585",
MPN528,"7,937","0,943","-0,568","-2,635",1.088001273937863
MPN528a,"8,573","0,925","-0,454","-2,356",0.9347446164367881
MPN530,"8,247","0,86","-0,76","-3,872",2.7290556458622715
ncMPN407,"14,922","0,883","-0,272","-1,973",1.048162529062208
ncMPN096,"7,339","0,885","0,518","-2,847",0.2642405696145563
MPN534,"10,05","0,941","0,181","-1,898",0.4419759457045326
MPN535,"14,076","0,793","0,478","-0,756",0.4117398620012618
MPN536,"17,919","0,691","0,704","-0,952",0.44109383039007427
MPN538,"6,753","0,976","-0,751","-0,941",3.236158612172006
MPN539,"8,322","0,981","-0,808","-0,759",3.275430787014039
MPN540,"9,491","0,964","-0,959","-0,531",8.753605839258796
MPN542,"6,513","0,825","-1,059","-3,02",1.3638030734043465
MPN543,"5,885","0,936","-1,446","-2,212",0.37234409500995835
MPN544,"7,148","0,926","-0,392","-1,944",0.1470806866805431
ncMPN097,"6,205","0,939","-0,77","-3,379",0.3811979911404631
ncMPN098,"6,739","0,977","3,98","-3,304",0.09028402000478893
MPN557,"5,096","0,872","-1,346","-2,23",0.3224712271360245
MPN558,"5,043","0,89","-0,788","-2,363",0.2579787940193085
MPN559,"5,649","0,892","-0,68","-2,021",0.23927417783186486
MPN561,"7,04","0,789","0,133","-4,827",0.2197933158949147
ncMPN100,"5,023","0,752","1,168","-3,21",0.044455934634262666
ncMPN101,"13,481","0,327","-1,049","-2,201",0.18136978512151208
ncMPN103,"7,918","0,55","0,981","-1,867",0.3678754380930599
MPN578,"33,363","0,117","-0,369","-3,042",0.21847098175946675
ncMPN104,"8,342","0,641","-0,198","-2,452",0.12652812802767077
ncMPN105,"6,142","0,91","0,636","-1,977",0.5712124909510109
ncMPN432,"9,474","0,943","-0,506","-1,187",
ncMPN106,"5,344","0,892","0,151","-2,716",3.4977567575538773
ncMPN107,"8,354","0,746","0,546","-2,661",0.09623151710077081
ncMPN108,"5,884","0,835","-0,714","-2,383",0.10573129423628758
ncMPN433,"5,874","0,824","-0,376","-2,274",
MPN607,"7,604","0,859","-0,423","-3,148",0.44331299243113054
ncMPN109,"6,324","0,937","-0,101","-3,036",0.14632691604487025
MPN623,"8,423","0,969","-0,05","-1,175",1.8378406690957083
MPN624,"7,687","0,942","-0,386","-1,456",4.303567864091205
MPN625,"9,725","0,948","-0,508","-1,091",3.7393543103455626
MPN626,"7,495","0,734","-0,536","-0,682",0.0763240821888874
ncMPN112,"8,553","0,718","-0,606","-1,246",0.33780697275821575
MPN631,"6,118","0,906","-0,886","-3,46",1.797381912757653
MPN632,"7,315","0,914","-0,881","-2,804",1.1577856191030411
MPN633,"5,28","0,942","-1,67","-1,627",0.4598607845905481
MPN634,"6,46","0,914","-1,127","-1,131",0.1612299232834606
ncMPN113,"7,211","0,688","-0,241","-1,532",0.6320548338616417
MPN635,"10,962","0,878","0,247","-0,34",0.14740476701321198
MPN636,"6,285","0,826","-0,698","-3,213",1.002495168050018
MPN637,"5,628","0,974","-0,52","-1,504",0.17748174234213346
MPN638,"5,935","0,919","-1,122","-3,222",1.5142164155977718
ncMPN114,"7,14","0,757","0,975","-2,711",0.4794973353636159
ncMPN115,"6,753","0,586","-0,146","-2,881",0.105328819739267
MPN651,"16,699","0,511","0,009","-1,97",0.125396548890338
MPN652,"8,061","0,454","0,349","-3,542",0.07461238879216903
MPN653,"6,559","0,74","0,184","-3,736",0.2477954425838612
MPN655,"4,826","0,892","-0,137","-1,963",0.46829611919010866
ncMPN119,"26,655","0,144","-0,941",-inf,0.16491916870987697
ncMPN121,"6,534","0,692","-1,094","-1,391",0.25959026072314906
ncMPN123,"7,736","0,684","-0,361","-2,188",0.10026513664425106
MPN666,"4,696","0,919","-1,403","-3,119",1.2808141530011738
MPN667,"4,878","0,932","-1,016","-2,701",0.6615613816073904
MPN669,"5,923","0,984","0,088","-2,626",0.34886872361035726
ncMPN124,"6,659","0,723","0,084","-2,211",0.09212166019428651
ncMPN428,"6,367","0,98","0,515","-1,677",
MPN674,"13,712","0,969","-0,944","-1,763",3.170381058869194
MPN676,"12,544","0,801","-0,361","-3,099",0.1559545584086314
ncMPN125,"6,428","0,876","0,186","-1,412",0.26248884545862405
ncMPN126,"8,286","0,741","0,606","-1,781",0.14323159739479085
ncMPN434,"9,062","0,876","-0,371","1,104",
ncMPN127,"8,933","0,884","-0,347","0,921",0.44345402487851826
MPN688,"-20,055","0,45","-1,563","1,279",-3.430930254954465
MPN687,"-16,341","0,568","-2,244","2,35",-2.963317220597734
MPN686,"-16,215","0,574","-1,366","2,073",-1.6239385815982808
MPN685,"16,319","0,939","-1,202","0,514",9.327728018222967
MPN684,"56,563","0,427","-0,468","2,917",5.536142991278171
MPN683,"95,592","0,233","-0,332","2,463",10.713188851175254
MPN682,"16,147","0,944","-0,354","0,738",6.7841706214566395
MPN681,"16,089","0,962","-0,582","0,242",4.266264810355141
MPN680,"23,38","0,972","-0,155","0,927",2.4656397217577073
MPN679,"17,735","0,947","-0,28","0,441",2.014117695112526
MPN678,"18,751","0,945","-0,24","-0,132",3.844360191132435
MPN677,"29,439","0,749","0,269","1,208",3.2115576433362474
ncMPN376,"-334,968","0,006","0,394","-0,491",-20.46438638972773
ncMPN375,"20,735","0,878","-0,96","-0,489",72.80067173414605
MPN675,"21,148","0,679","0,538","-0,517",1.0951448776852297
MPN673,"9,53","0,946","-0,546","-0,882",4.287470693885677
MPN672,"12,82","0,953","-0,59","-1,382",5.50823006131812
MPN672a,"12,144","0,944","-0,541","-0,884",3.6259896338622464
MPN671,"15,898","0,918","-0,483","0,244",3.948398115472216
MPN671a,"18,889","0,846","-0,476","0,999",3.2875496035909944
MPN670,"23,959","0,836","0,266","-0,346",6.228198854740284
MPN668,"6,624","0,902","-0,791","-2,825",2.8195847343242737
MPN665,"6,902","0,927","-1,321","-2,313",11.870905901802562
MPN664,"7,097","0,952","-1,219","-1,923",4.437869088773472
MPN663,"8,669","0,921","-0,612","-0,674",2.579855110763562
MPN662,"8,929","0,97","-0,126","-1,286",3.4166865697789386
MPN661,"11,651","0,921","0,844","-0,684",0.7688400190313296
MPN660,"6,557","0,837","-1,18","-2,657",2.8330418332012157
MPN659,"6,409","0,912","-1,063","-2,095",1.951370798739541
MPN658,"6,599","0,924","-0,825","-1,283",0.9674985146171777
MPN657,"7,867","0,905","-0,322","-0,542",0.5850903361766064
MPN656,"11,504","0,884","0,954","-0,095",0.336203508764365
MPN654,"7,249","0,563","-0,062","-4,026",0.07763132908157505
MPN650,"6,479","0,728","-0,189","-2,658",0.32323866792602574
MPN649,"12,095","0,429","0,455","-3,021",0.1387810042853661
MPN648,"8,613","0,918","0,549","-1,533",0.28468316362153473
MPN647,"14,018","0,93","-0,07","-0,737",0.6139621577843173
MPN646,"26,994","0,796","-0,018","0,11",0.4750691690493467
MPN645,"24,838","0,601","-0,262","0,035",0.35222192540179276
MPN644,"22,063","0,741","-0,099","-0,077",0.3227961530875927
MPN643,"22,676","0,772","-0,483","-0,112",0.8791205091061775
MPN642,"17,814","0,885","-0,541","-0,436",0.8785145710751319
MPN641,"21,052","0,959","-0,689","-0,223",0.5021031019446742
MPN640,"23,446","0,811","-0,656","0,717",0.6115090009949995
MPN639,"16,998","0,821","-0,126","-1,113",0.4891366573117615
MPN630,"7,354","0,933","-0,432","-1,627",0.3531627302985765
MPN629,"10,378","0,88","-0,973","-1,949",2.54883381846887
MPN628,"8,973","0,934","-0,835","-1,636",1.657876183780549
MPN627,"7,802","0,953","-0,923","-1,612",1.199284259433786
MPN622,"7,209","0,961","0,29","-1,52",7.111603715304075
MPN621,"10,473","0,95","-0,43","0,209",2.840127462150829
MPN620,"21,202","0,868","-0,488","0,205",1.425157288630838
MPN619,"19,885","0,795","-0,611","0,408",1.338851438177389
MPN618,"16,733","0,887","-1,206","0,326",1.3314306284760606
MPN617,"6,941","0,967","-0,596","-1,772",5.484097516677405
MPN616,"8,397","0,955","-0,778","-0,906",3.1956880773514778
MPN615,"11,972","0,866","0,309","0,772",0.08663085546244445
MPN614,"903,955","0,001","0,879","0,6",6.669580985804702
MPN613,"464,179","0,001","1,323","-0,829",3.3081631048275333
MPN612,"13,739","0,713","0,13","-1,826",0.13030500532334693
MPN611,"6,893","0,949","-0,062","-2,047",0.6286448130499384
MPN610,"7,487","0,983","-0,158","-0,767",0.39208800308133585
MPN609,"8,793","0,952","-0,546","-0,059",0.7312284446751182
MPN608,"11,082","0,891","-0,711","-0,857",0.9729770274597302
MPN606,"7,64","0,922","-1,105","-2,164",4.0493092399427555
MPN605,"7,338","0,948","-1,244","-1,512",1.5332007959661997
MPN604,"7,052","0,955","-0,256","-0,999",2.8857656387418285
MPN603,"7,52","0,941","-0,475","-1,668",3.7954132148113753
MPN602,"7,917","0,945","-0,265","-1,529",2.598633034805957
MPN601,"8,182","0,941","0,118","-0,978",1.6480560856074087
MPN600,"8,066","0,926","-0,023","-0,983",2.057118775843427
MPN599,"8,746","0,895","-0,203","-0,684",2.0784506515695953
MPN598,"9,366","0,819","-0,337","-1,616",2.5707106139560207
MPN597,"10,053","0,738","-0,049","-1,416",1.8066540886178624
MPN596,"13,818","0,759","0,774","-0,207",0.9237157849576775
MPN595,"12,346","0,858","0,262","-1,529",1.5057400177674976
MPN594,"10,084","0,942","-0,089","-1,638",1.3490741200799912
MPN593,"9,426","0,882","-0,722","-2,344",2.202313940912063
MPN592,"10,999","0,92","-0,562","-1,123",8.361441678783539
MPN591,"9,524","0,886","-0,661","-0,06",2.2570699689327416
MPN590,"24,286","0,716","0,114","1,349",0.8861063656314304
MPN589,"-141,125","0,028","0,833","1,494",-1.5220551832227245
MPN588,"7,744","0,727","-0,485","-3,241",1.4006922321230943
MPN587,"8,255","0,787","-0,637","-2,427",0.45886196711957145
MPN586,"10,895","0,838","0,525","-1,963",0.1805712807814078
MPN585,"8,782","0,78","0,575","-2,025",0.34258643257686017
MPN584,"6,611","0,919","0,332","-2,441",0.16261096543799902
MPN583,"7,012","0,929","-1,005","-1,612",0.2964555072807903
MPN582,"7,794","0,845","-0,002","-2,493",0.1738231344776833
MPN581,"5,476","0,894","-0,23","-2,459",0.7538869773234197
MPN580,"7,252","0,92","0,752","-2,729",0.12354932197224619
MPN579,"5,533","0,916","0,148","-2,457",0.5122104001358547
MPN577,"8,832","0,937","0,287","-1,223",0.13440010847029688
MPN576,"5,608","0,919","-1,225","-2,82",1.585076735292776
MPN575,"10,3","0,813","-0,398","-1,121",0.41079761012029925
MPN574,"6,709","0,845","-0,465","-3,298",2.59264824321359
MPN573,"7,355","0,877","-0,592","-3,291",2.712788145925967
MPN572,"9,478","0,956","-0,214","-2,676",8.142556159727581
MPN571,"6,559","0,857","-0,223","-2,755",0.058000791185427246
MPN570,"5,572","0,823","-0,272","-1,765",0.06464329940663312
MPN569,"6,634","0,939","0,183","-2,061",0.564706428176406
MPN568,"8,282","0,928","-0,339","-0,985",0.5373474891922314
MPN567,"8,258","0,939","-0,709","-0,432",1.2849151949541233
MPN566,"9,896","0,885","-0,418","-0,178",1.4443495532553918
MPN565,"13,784","0,687","0,597","0,786",0.6411850118958436
MPN564,"6,291","0,932","-0,148","-3,008",3.173477921651762
MPN563,"6,564","0,932","0,101","-2,152",0.6312403506259029
MPN562,"6,412","0,923","-0,598","-1,44",0.4395141016236687
MPN560,"8,461","0,929","-0,347","-1,753",1.237317038714865
MPNt37,"17,815","0,764","-0,571","-1,556",
MPN556,"7,119","0,899","-0,795","-2,367",1.4533363513776134
MPN555,"6,532","0,87","-1,386","-3,028",3.591467695443008
MPN554,"6,168","0,874","-1,61","-2,735",1.9720374015826456
MPN553,"7,51","0,849","-1,357","-1,478",0.8215580112035432
MPN552,"8,542","0,878","-0,861","-1,336",0.43568495088572623
MPN551,"8,449","0,808","-0,422","-1,309",0.3180058798216524
MPN550,"7,241","0,876","-0,696","-1,24",0.35614171597213523
MPN549,"8,428","0,951","-0,822","-0,95",0.7487293070457076
MPN548,"8,323","0,934","-0,57","-1,199",0.43310929433225187
MPN547,"10,271","0,97","-1,49","-0,402",1.089024558911007
MPN546,"11,961","0,951","-1,243","-0,23",1.0024982620019685
MPN545,"14,828","0,942","-1,048","0,3",0.6640678282038961
MPN541,"5,738","0,811","-0,345","-4,312",1.4657288090027474
MPN537,"6,681","0,954","0,358","-2,623",0.4860555257608588
MPN533,"6,941","0,912","-1,315","-2,341",3.715220300963863
MPN532,"8,294","0,933","-0,817","-1,343",3.6905057266145613
MPN531,"14,477","0,85","-0,244","-2,572",0.7515542994993686
MPN529,"7,107","0,91","-0,458","-2,648",1.8763359167289453
MPN527,"9,182","0,916","0,845","-2,704",0.7976797153255752
MPN524,"8,802","0,975","-0,212","0,01",0.38473324155393984
MPNt35,"21,226","0,723","2,945","-1,825",
MPN523,"12,35","0,952","4,229","-1,504",5.159542095292692
MPN520,"26,325","0,892","2,418","0,777",2.990990041141212
MPN519,"170,389","0,043","2,929","0,455",14.68280718678289
MPN518,"24,714","0,809","2,071","-0,84",4.969440233495451
MPN517,"23,561","0,777","1,267","-0,398",4.240221684721793
MPN516,"32,524","0,544","-1,159","1,522",9.516452152081895
MPN515,"133,314","0,046","-0,089","1,032",55.231055004617644
MPN514,"32,697","0,459","-0,615","0,017",0.8849524728232299
MPN513,"4589,804",0,"-0,26","0,168",45.64490593203099
MPN512,"6,187","0,785","-0,679","-3,504",1.2699869769476664
MPN511,"6,116","0,808","-0,857","-2,895",0.8323099788064938
MPN510,"10,375","0,889","-0,091","-0,094",0.36612259102809686
MPN509,"6,236","0,904","0,256","-0,941",1.1259383917167596
MPN508,"7,914","0,846","0,15","-2,537",0.5689131462229967
MPN505,"5,621","0,956","-0,473","-2,488",0.08894070573707967
MPN497,"6,985","0,891","-0,868","-1,771",2.672072443375828
MPN496,"16,228","0,37","0,926","0,305",0.27193644356413227
MPN495,"10,937","0,876","0,222","-1,455",1.1309251986065696
MPN494,"11,425","0,874","0,357","-0,896",0.6700448421877733
MPN493,"11,631","0,916","0,363","-1,545",0.49982537700306745
MPN492,"15,716","0,864","0,696","-0,848",0.5053765909582344
MPN490,"13,091","0,961","1,01","-2,18",0.6209602997828987
MPN489,"11,59","0,944","0,074","0,089",0.8796279122801695
MPN485,"10,462","0,968","0,649","0,306",0.06473024305611869
MPN484,"7,178","0,893","1,703","-2,327",0.4354891705090881
MPN482,"6,075","0,897","-0,577","-1,262",2.0062302074955163
MPN481,"6,499","0,951","-0,143","-0,814",0.6355073884793607
MPN480,"7,615","0,94","-0,132","0,53",0.40019425030608685
MPN479,"7,063","0,989","-0,377","-1,412",1.4352841326308756
MPN478,"6,681","0,992","-0,469","-1,34",1.6191383262770256
MPN477,"7,444","0,958","-0,048","-0,14",0.7127775756987151
MPN476,"9,264","0,953","-0,19","-0,236",0.6591670204034328
MPN475,"9,155","0,943","-0,609","0,203",0.5103507654385596
MPN474a,"6,718","0,987","-1,094","-0,895",1.4781890135812255
MPN474,"7,645","0,981","-1,393","-0,141",2.653201273336856
MPN473,"9,431","0,949","-0,721","-0,18",0.9281192996176808
MPN472,"8,106","0,97","-0,268","-0,959",1.4881747689567044
MPN471,"8,67","0,977","-0,421","-1,077",13.015193327869415
MPN470,"10,595","0,97","-0,289","-0,914",8.862948393385786
MPN469,"12,2","0,919","0,34","-0,471",2.9075181208480974
MPN467,"4,985","0,828","-1,047","-3,357",0.0656488734471221
MPN466,"5,627","0,929","-1,097","-3,309",0.19445867727336905
MPN465,"8,649","0,738","0,227","-0,883",0.05729769248709778
MPN460,"6,215","0,971","0,143","-1,83",0.6139210157989088
MPNt33,"9,023","0,893","-2,131","-2,232",
MPNt32,"10,479","0,882","-2,122","-2,327",
MPNt31,"10,974","0,86","-2,02","-2,401",
MPNt30,"12,734","0,863","-1,777","-2,398",
MPNt29,"10,373","0,875","-1,256","-2,46",
MPNt28,"8,443","0,907","-0,869","-2,124",
MPNt27,"6,893","0,948","0,518","-1,989",
MPN459,"5,164","0,943","4,101","-0,819",0.4663954642199921
MPN458,"6,182","0,944","4,662","-0,599",0.41862036199811486
MPN457,"9,509","0,883","6,378","-0,232",0.18916619907358034
MPN456,"6,282","0,937","-0,117","-0,203",0.8233370355873217
MPN455,"5,719","0,991","-0,644","-1,104",2.494394544197234
MPN454,6,"0,988","-0,715","-0,405",4.157767819139731
MPN453,"6,39","0,976","-1,011",0,1.6721067909841745
MPN452,"6,965","0,957","-0,927","0,41",3.2993849779365956
MPN451,"10,707","0,729","-0,247","-0,268",0.22134035985601697
MPN450,"6,364","0,979","-0,395","-2,663",0.9561832733539439
MPN449,"5,345","0,982","-0,658","-1,468",1.2670667129150783
MPN448,"5,817","0,97","-0,372","-1,111",0.5975826665076709
MPN447,"5,413","0,972","-0,997","-1,962",2.2421998460341603
MPN446,"6,536","0,969","0,133","-1,726",5.770669357649536
MPN444,"7,61","0,973","-0,838","-0,339",1.5199267531093654
MPN443,"9,347","0,917","-0,633","0,308",1.1557750149094856
MPN442,"9,75","0,855","-0,766","0,238",0.962616657783458
MPN440,"159,446","0,037","0,366","0,964",1.5014521160251817
MPN439,"10,014","0,533","0,382","-1,886",0.24425704686176575
MPN438,"13,029","0,505","0,775","-1,524",0.12073346770086804
MPN437,"6,295","0,711","0,187","-2,244",0.0952400155532911
MPN436,"5,166","0,957","-0,464","-1,738",0.6873638969428504
MPN435,"5,295","0,955","0,028","-1,512",0.40092788438008387
MPN434,"7,193","0,969","0,174","-2,889",5.321541426503146
MPN433,"6,164","0,938","-1,375","0,003",0.2338271456973717
MPN432,"5,407","0,946","-0,365","-2,29",0.7369876008326572
MPN431,"5,797","0,962","-0,396","0,117",0.28235120549436615
MPN430,"5,84","0,98","-0,517","-2,373",7.200011813629059
MPN429,"6,329","0,978","-0,502","-1,91",4.37647257127919
MPN428,"6,337","0,966","-0,233","-0,82",3.9757332016619693
MPN426,"6,864","0,976","-0,422","-0,188",0.5676441537969695
MPN425,"6,437","0,93","-0,559","0,068",0.6452259238012826
MPN424,"6,654","0,906","-0,713","0,29",0.6854635275083565
MPN423,"6,576","0,972","-0,241","-1,153",0.9670646487085419
MPN422,"7,403","0,975","0,076","-0,48",0.7571748679228807
MPN421,"6,216","0,984","-0,646","-2,154",1.2564435568596346
MPN420,"6,824","0,988","-1,025","-1,759",1.814363080280837
MPN419,"7,526","0,912","-0,986","0,056",1.087821181314751
MPN418,"6,998","0,983","-0,77","-1,064",0.4327843964574065
MPN411,"6,715","0,737","0,896","-3,954",0.059776608568204576
MPN407,"5,301","0,971","0,072","-1,707",0.2951895470620667
MPN401,"4,91","0,973","-0,22","-0,999",1.618614957863669
MPNt22,"8,021","0,973","-1,797","-1,018",
MPNt21,"13,384","0,984","-1,675","-1,08",
MPNt20,"10,754","0,959","-1,661","-1,414",
MPNt19,"8,441","0,953","-1,929","-1,09",
MPNt18,"20,865","0,903","-0,984","-0,573",
MPN400,"5,811","0,932","-0,337","-0,877",10.815346211658607
MPN399,"6,039","0,925","-0,37","-0,185",3.6224581585952706
MPN398,"6,764","0,881","0,092","0,366",2.219535019112548
MPN396,"6,174","0,94","-0,409","-1,098",1.4032094984560026
MPN395,"5,706","0,947","-0,484","-0,689",1.1988303933997313
MPN394,"4,476","0,968","-1,568","-2,693",3.343954776791578
MPN393,"4,821","0,96","-1,161","-2,559",4.97971264244295
MPN392,"6,222","0,944","-0,774","-3,058",8.2998280823145
MPN391a,"81,416","0,313","-1,183","-1,631",3189.458877624486
MPN391,"5,068","0,918","-0,574","-2,611",2.891835196409888
MPN390,"4,441","0,917","-0,858","-3,383",3.056471106818886
MPN389,"4,475","0,936","-1,173","-2,511",3.17644535605875
MPN388,"4,636","0,931","-1,007","-2,14",2.902893439284992
MPN387,"6,068","0,909","-0,841","-1,413",2.9299352493700033
MPNs01,"62,671","0,126","-1,098","-0,142",29.599299543216052
MPN386,"4,798","0,921","-1,092","-2,508",2.017632801341098
MPN385,"5,268","0,898","-0,588","-3,285",0.730465273537007
MPN384,"5,686","0,937","-0,42","-1,887",1.0552966914143789
MPN383,"5,464","0,96","-0,061","-1,943",1.1651322322255142
MPNt17,"9,997","0,739","-0,87","-1,674",
MPN376,"6,182","0,906","-0,548","-0,093",10.387108924091413
MPN375,"5,326","0,936","-1,929","-0,879",0.45149112722114554
MPN374,"4,105","0,771","-1,886","1,122",0.04123069678928786
MPN373,"9,09","0,793","-0,277","-2,732",0.28038088102303654
MPN371,"9,643","0,966","1,199","-4,551",0.059664325495770165
MPN369,"5,991","0,812","-0,39","-4,746",0.08003502537605447
MPNt14,"9,135","0,892","-1,241","-0,542",
MPN357,"5,429","0,924","-0,864","0,043",0.8099454194948004
MPN356,"6,486","0,891","-0,401","-0,223",0.5506504791378056
MPN355,"6,28","0,858","-0,476","-0,343",0.4736580429305181
MPN354,"6,607","0,939","-0,289","-1,936",0.801830081371072
MPN353,"6,76","0,928","-0,171","-1,516",0.38808959504020724
MPN352,"6,284","0,875","-0,443","0,531",3.1598759557540936
MPN351,"7,373","0,799","-0,431","1,335",0.8029796762197765
MPN350,"7,687","0,892","-0,053","-0,142",0.6618025893097337
MPN336,"4,191","0,845","-0,263","-4,571",0.32952482217815465
MPN313,"8,417","0,844","0,961","-2,35",0.10098681171890342
MPN293,"5,643","0,99","-0,569","-0,776",0.7684184248324747
MPN292,"7,73","0,975","-1,049","0,119",0.6287350150979502
MPN291,"8,114","0,947","-1,997","0,093",0.6741598590660082
MPN276,"5,031","0,962","-0,373","-1,726",0.5332827286654042
MPN274,"7,55","0,796","0,162","-2,941",0.5809218483603501
MPN273,"5,474","0,911","-1,188","-2,398",1.4131000621761574
MPN265,"4,989","0,861","-1,308","-3,503",0.41686808757322735
MPN245,"4,453","0,923","-1,117","-4,092",0.34092460638321337
MPN214,"4,745","0,893","0,647","-3,382",0.36761815830818506
MPN206,"13,615","0,117","3,136","-1,558",0.08571624463454901
MPN139,"10,838","0,901","0,407","-0,36",0.3367148143537547
MPN138,"8,472","0,986","0,014","-0,245",0.48741154634059697
MPN137,"9,814","0,948","-0,228","-1,15",0.5330790848659902
MPN124,"13,557","0,851","-1,318","-0,931",1.0976004114854399
MPNt04,"-15,627","0,424","-1,272","0,398",
MPN118,"8,314","0,968","0,253","-0,604",0.4746529846848308
MPN103,"12,211","0,573","0,333","-1,016",0.09119293499467467
MPNt03,"77,165","0,324","-0,524","-1,093",
MPN077,"10,078","0,987","-1,857","-0,407",1.6332829233161672
MPN076,"9,009","0,974","-1,295","-2,346",3.6892396440017627
MPN074,"9,395","0,807","-0,028","-1,524",0.7560953138498576
MPN073,"9,931","0,874","-0,016","-0,898",1.4424385312102892
MPN072,"11,192","0,864","-0,453","0,106",1.208502927711062
MPN071,"14,329","0,705","-0,318","1,274",0.7298491416737193
MPN070,"10,012","0,774","-0,726","-0,91",1.6406104337769538
MPN069,"10,646","0,946","0,293","0,156",9.72172924155011
MPN068,"13,037","0,946","0,166","0,168",6.3815208352968575
MPN067,"13,754","0,983","-0,585","0,718",3.896019027849762
MPN061,"8,128","0,833","-0,646","-2,525",0.9815564307366192
MPN051,"6,157","0,844","-0,724","-4,585",0.8836554724934614
MPN050,"5,459","0,885","-0,872","-3,898",0.8161146460705826
MPN044,"10,437","0,737","-0,636","-1,285",3.5014646037173573
MPN040,"13,913","0,361","2,319","-1,495",0.10296418429313779
MPN038,"6,394","0,705","0,605","-3,891",0.11456430183255625
MPN037a,"4,82","0,94","0,192","-2,825",0.2088067774749544
MPN034,"7,223","0,963","-0,552","-0,926",0.863516870019717
MPN033,"9,954","0,937","-0,255","-0,341",0.9983215443231669
MPN032,"9,556","0,949","-0,598","-0,986",1.5468992094427978
MPN027,"6,874","0,786","-0,59","-2,211",0.2153493221643585
MPNt02,"11,037","0,797","-0,383","-2,571",
MPNt01,"12,283","0,88","-0,575","-2,263",
MPN017,"7,001","0,957","-0,489","-1,755",0.719885239544104
MPN016,"6,032","0,968","-0,281","-2,483",0.8623989634847355
MPN015,"6,778","0,936","-0,027","-2,235",0.9932600643571116
MPN012,"6,466","0,796","-1,069","-4,377",0.31901201308420424
MPN011,"4,916","0,922","-0,174","-4,449",0.08266952388803649
ncMPN373,"9,073","0,787","-1,626","-2,988",0.3277196163083067
ncMPN371,"8,811","0,734","1,082","-1,376",0.33170230859828587
MPN654,"7,249","0,563","-0,062","-4,026",0.07763132908157505
ncMPN370,"8,172","0,515","0,329","-5,394",0.11944287464929013
ncMPN381,"10,586","0,461","0,267","-3,489",0.3340148017538066
ncMPN369,"10,499","0,496","0,076","-3,213",0.10973798271306237
ncMPN368,"11,183","0,895","0,153","-1,772",1.006034930941483
ncMPN367,"5,282","0,918","-0,18","-2,724",0.42099419525192106
ncMPN390,"9,027","0,952","-0,926","0,416",0.7362763405511799
ncMPN359,"9,561","0,612","0,352","-1,695",0.15903076991444728
ncMPN357,"6,788","0,891","-1,022","-1,691",0.7789186006909019
ncMPN355,"16,68","0,787","3,212","-0,558",0.2890282320974699
ncMPN354,"10,956","0,641","1,715","-2,434",0.12228348075710667
ncMPN353,"5,193","0,924","0,426","-2,501",0.15565055459977808
ncMPN351,"146,067","0,065","5,011","0,967",4.898843030110605
ncMPN344,"6,605","0,845","-0,41","-3,052",0.762225166765992
ncMPN343,"9,961","0,969","-0,263","-1,922",0.34346985480880293
ncMPN341,"38,868","0,404","2,467","0,819",1.3751628399496352
ncMPN340,"19,978","0,861","2,936","-0,964",0.1506864335810727
ncMPN398,"5,568","0,912","-0,442","-0,534",1.463902349782262
ncMPN339,"6,518","0,957","-0,233","-1,749",1.122868293147475
ncMPN338,"5,193","0,938","-0,459","-2,578",2.8360706381976
ncMPN337,"4,769","0,933","-0,374","-2,411",2.1154749812157596
ncMPN336,"7,483","0,73","1,721","-1,705",0.25346995651182136
ncMPN333,"9,245","0,386","-0,48","-1,28",0.11931404001945342
ncMPN329,"7,051","0,706","1,011","-2,456",0.15028671610590902
ncMPN328,"13,049","0,23","-1,06","-3,614",0.18898714199566385
ncMPN327,"8,815","0,945","0,676","-2,451",0.09653427207125406
ncMPN388,"5,084","0,825","0,462","-4,219",0.03145427694303057
ncMPN326,"5,772","0,827","-1,158","-1,721",0.11652677149936838
ncMPN324,"11,655","0,877","0,909","-0,486",0.5202925459316422
ncMPN323,"12,64","0,291","1,588","-3,807",0.3973726657340971
ncMPN321,"4,718","0,621","-0,404","-3,387",2.5477833288041385
ncMPN320,"5,953","0,917","-0,073","-3,707",0.08451348835063403
ncMPN319,"10,646","0,455","-0,16","-2,47",0.16827364917356172
ncMPN318,"6,296","0,671","0,109","-4,366",0.3066089895692413
ncMPN313,"3,672","0,962","-0,017","-3,245",0.9390535430475077
ncMPN308,"4,901","0,967","-0,66","-1,268",0.33460155122063107
ncMPN306,"6,181","0,926","-0,256","-1,459",0.4757900107388938
ncMPN298,"7,93","0,959","-0,449","-2,435",0.3037741256588746
ncMPN297,"5,394","0,824","-0,678","-1,93",0.6190610773503337
ncMPN289,"13,62","0,413","1,319","-7,799",0.09921583736885145
ncMPN288,"9,377","0,716","-0,419","-4,317",0.5773256935474359
ncMPN421,"16,168","0,178","0,948","-1,279",0.10003448980529062
ncMPN283,"7,193","0,957","0,403","-2,054",0.08147358881048258
ncMPN282,"5,245","0,981","0,281","-2,211",0.17820902010136486
ncMPN272,"6,58","0,887","-1,9","-3,25",0.07227585613822808
ncMPN269,"9,745","0,912","0,528","-1,271",0.12130448526345322
ncMPN257,"5,987","0,917","0,092","-2,046",1.1455119248747039
ncMPN246,"7,384","0,812","-1,094","-1,863",0.8938673864887862
ncMPN237,"4,556","0,876","0,337","-1,135",0.40036688378007357
ncMPN235,"4,883","0,958","-0,795","-2,05",0.9595746611375947
ncMPN231,"9,279","0,83","-1,418","-1,365",0.46017107760799764
ncMPN228,"-41,139","0,217","1,12","1,456",-0.7405991947805312
ncMPN226,"-648,786","0,001","1,252","0,774",-11.741562848687472
ncMPN387,"6,256","0,44","0,434","-4,433",0.04255491905018372
ncMPN229,"7,766","0,79","0,426","-2,173",0.0673767126638738
ncMPN227,"8,529","0,562","0,239","-2,377",0.230226101858291
ncMPN225,"6,47","0,94","0,54","-1,628",0.13620220564276636
ncMPN224,"8,526","0,533","1,006","-3,681",0.08862968609435815
ncMPN223,"5,535","0,961","1,493","-2,853",0.11077797118874798
ncMPN222,"11,023","0,744","0,903","-0,803",0.15630254093985047
ncMPN221,"6,766","0,825","0,343","-1,819",0.07872931662289526
ncMPN220,"5,561","0,742","-0,342","-4,443",0.27520113008475644
ncMPN218,"8,91","0,687","1,392","-6,321",0.24428588420402045
ncMPN217,"13,799","0,354","1,036","-2,76",0.0996856968757054
ncMPN215,"14,533","0,167","1,006","-1,155",0.15592758332287746
ncMPN213,"14,096","0,467","1,087","-1,81",0.2963887512047148
ncMPN210,"5,818","0,824","-0,514","-2,345",0.10941362180031221
ncMPN208,"5,927","0,954","0,15","-1,733",0.5731777828071741
ncMPN206,"8,101","0,587","0,445","-2,963",0.20352895355914347
ncMPN204,"5,178","0,92","-0,256","-3,244",2.0468692444149403
ncMPN202,"6,941","0,862","0,383","-1,556",0.08019886505200462
ncMPN201,"-68,665","0,117","-0,441","0,688",-4.323022388429365
ncMPN200,"236,784","0,001","0,416","0,605",2.133870910007091
